{"schemaVersion":"1.0","appDefinitionTemplate":{"id":"/providers/Microsoft.PowerApps/apps/","type":"Microsoft.PowerApps/apps","tags":{"primaryDeviceWidth":"640","primaryDeviceHeight":"1136","sienaVersion":"20200914T103747Z-3.20085.19.0","deviceCapabilities":"","supportsPortrait":"true","supportsLandscape":"false","primaryFormFactor":"Phone","publisherVersion":"3.20085.19","minimumRequiredApiVersion":"2.2.0","hasComponent":"false","hasUnlockedComponent":"false","isUnifiedRootApp":"false"},"properties":{"appVersion":"2020-09-14T10:37:47Z","lifeCycleId":"Published","createdByClientVersion":{"major":3,"minor":20085,"build":19,"revision":0,"majorRevision":0,"minorRevision":0},"minClientVersion":{"major":3,"minor":20085,"build":19,"revision":0,"majorRevision":0,"minorRevision":0},"backgroundColor":"rgba(0, 176, 240, 1)","backgroundImageUri":"/15338535940560833712/N7e8b8082-6f7d-4b05-84ae-c76962fbdd86-logoSmallFile","displayName":"frettrainer","description":"","commitMessage":"","appUris":{"documentUri":{"value":"/15338535940560833712/N3e33a950-92a8-4513-9169-22b6c98a133e-document.msapp","readonlyValue":"/15338535940560833712/N3e33a950-92a8-4513-9169-22b6c98a133e-document.msapp"},"imageUris":[]},"createdTime":"0001-01-01T00:00:00Z","lastModifiedTime":"0001-01-01T00:00:00Z","sharedGroupsCount":0,"sharedUsersCount":0,"icons":{"smallIconUri":"/15338535940560833712/Nd0418286-47ba-4c7e-93cf-d7c80f91693f-small.png","mediumIconUri":"/15338535940560833712/N8d082dfb-42cf-41aa-88fb-5bf9e811c7b8-medium.png","largeIconUri":"/15338535940560833712/Nb932479b-f880-4069-8fe2-7146ed23ef71-large.png","wideIconUri":"/15338535940560833712/N3dd726a1-420c-4d64-aa62-38c986b1979d-wide.png"},"connectionReferences":{"60f66591-a18d-46eb-b01e-b94a22d9c291":{"id":"5aabbc85-8a2e-48e0-a7ef-9a362041c805","displayName":"Excel","iconUri":"https://connectoricons-prod.azureedge.net/excel/icon_1.0.1352.2014.png","dataSources":["Table1"],"dependencies":["01caa0cc-13d6-4237-9782-5fc2136c0ea9"],"dependents":[],"parameterHints":{"01caa0cc-13d6-4237-9782-5fc2136c0ea9":{"value":"fileSource"}},"isOnPremiseConnection":false,"bypassConsent":false,"dataSets":{"b!hM9avOlukEKAz_pIb3sevKSBVFKvciRAiyyvdWFH6u4BbsRw54QYS4d1WMGDT5Qs.0155L2ZMSYIHB3OUJQLVF2OPRSAMKCD26D":{"dataSources":{"Table1":{"tableName":"Table1"}}}},"apiTier":"Standard","isCustomApiConnection":false},"01caa0cc-13d6-4237-9782-5fc2136c0ea9":{"id":"0a268404-919b-40ce-ae33-03145bc46125","displayName":"OneDrive for Business","iconUri":"https://connectoricons-prod.azureedge.net/onedriveforbusiness/icon_1.0.1341.1987.png","dataSources":[],"dependencies":[],"dependents":["60f66591-a18d-46eb-b01e-b94a22d9c291"],"parameterHints":{},"isOnPremiseConnection":false,"bypassConsent":false,"dataSets":{},"apiTier":"Standard","isCustomApiConnection":false}},"databaseReferences":{},"almMode":"Environment","performanceOptimizationEnabled":true,"canConsumeAppPass":true},"isAppComponentLibrary":false,"appType":"ClassicCanvasApp","appComponents":[]}}